{
    "update_version": "CyberSpecter v1.5",
    "description": "Empowers the cyberpunk tracking device controller with advanced surveillance capabilities.",
    "release_date": "2024-02-09",
    "author": "NeuroSec Dynamics",
    "features": [
      {
        "feature": "Augmented Reality Overlay",
        "description": "Integrates augmented reality (AR) overlay for real-time data visualization and analysis."
      },
      {
        "feature": "Biometric Recognition",
        "description": "Incorporates biometric recognition for precise target identification and tracking."
      },
      {
        "feature": "Neural Network Enhancement",
        "description": "Upgrades neural network algorithms for more accurate prediction of target movements and behavior."
      },
      {
        "feature": "Enhanced Geo-Fencing",
        "description": "Improved geo-fencing capabilities for dynamic and responsive virtual perimeters."
      },
      {
        "feature": "Surveillance Drone Integration",
        "description": "Enables seamless integration with surveillance drones for extended coverage and target tracking."
      },
      {
        "feature": "Neuro-Interfacing",
        "description": "Introduces neuro-interfacing capabilities for direct control and manipulation of connected tracking devices."
      }
    ]
  }
  