{
    "update_version": "StealthPatch v2.0",
    "description": "Enhances stealth capabilities and optimizes tracking device controller performance.",
    "release_date": "2024-02-09",
    "author": "CipherTech Industries",
    "features": [
      {
        "feature": "Stealth Mode",
        "description": "Improved cloaking algorithms for enhanced invisibility to detection systems."
      },
      {
        "feature": "Anomaly Detection",
        "description": "Advanced anomaly recognition to avoid detection by counter-tracking technologies."
      },
      {
        "feature": "Encrypted Communication",
        "description": "Upgrade to 256-bit AES encryption for secure communication between controller and tracking devices."
      },
      {
        "feature": "Dynamic IP Spoofing",
        "description": "Randomized IP address generation to thwart attempts at device triangulation."
      },
      {
        "feature": "Adaptive Noise Generation",
        "description": "Intelligent noise generation to mimic normal background signals and confuse tracking algorithms."
      },
      {
        "feature": "Self-Destruct Fail-Safe",
        "description": "Added self-destruct fail-safe protocol to protect sensitive information in case of compromise."
      }
    ]
  }
  